<?xml version="1.0"?>
<!--
  Licensed under the Apache License, Version 2.0 (the "License");
  you may not use this file except in compliance with the License.
  You may obtain a copy of the License at

    http://www.apache.org/licenses/LICENSE-2.0

  Unless required by applicable law or agreed to in writing, software
  distributed under the License is distributed on an "AS IS" BASIS,
  WITHOUT WARRANTIES OR CONDITIONS OF ANY KIND, either express or implied.
  See the License for the specific language governing permissions and
  limitations under the License. See accompanying LICENSE file.
-->
<configuration>
	<property>
 		 <name>yarn.nodemanager.aux-services</name>
 		 <value>mapreduce_shuffle</value>
	</property>
	<property>
  		<name>yarn.resourcemanager.hostname</name>
  		<value>master</value>
	</property>
	<property>
  		<name>yarn.app.mapreduce.am.staging-dir</name>
  		<value>/home/hadoop</value>
	</property>
	<property>
  		<name>yarn.resourcemanager.webapp.address</name>
  		<value>master:50077</value>
  		<description>
    			resource manager web UI which used to be 8088 is changed to 50077
    			because the 8088 port was vulnerable to be hacked
  		</description>
	</property>
</configuration>
